{
  "interactionModel": {
    "languageModel": {
      "invocationName": "edifito app",
      "intents": [
        {
          "name": "AMAZON.CancelIntent",
          "samples": []
        },
        {
          "name": "AMAZON.HelpIntent",
          "samples": []
        },
        {
          "name": "AMAZON.StopIntent",
          "samples": []
        },
        {
          "name": "AMAZON.NavigateHomeIntent",
          "samples": []
        },
        {
          "name": "AMAZON.FallbackIntent",
          "samples": []
        },
        {
          "name": "CommonExpensesIntent",
          "slots": [],
          "samples": [
            "common expenses",
            "show me the common expenses"
          ]
        },
        {
          "name": "MakeReservationIntent",
          "slots": [
            {
              "name": "place",
              "type": "places",
              "samples": [
                "I want to book the {place}",
                "the {place}"
              ]
            },
            {
              "name": "date",
              "type": "AMAZON.DATE",
              "samples": [
                "for {date}",
                "on {date}"
              ]
            },
            {
              "name": "time",
              "type": "AMAZON.TIME",
              "samples": [
                "at {time}"
              ]
            }
          ],
          "samples": [
            "book the {place}",
            "booking",
            "make a reservation",
            "make reservation"
          ]
        },
        {
          "name": "MakeInvitationIntent",
          "slots": [
            {
              "name": "guestname",
              "type": "AMAZON.Person",
              "samples": [
                "is {guestname}",
                "her name is {guestname}",
                "his name is {guestname}",
                "the name of the guest is {guestname}"
              ]
            },
            {
              "name": "rut",
              "type": "AMAZON.SearchQuery",
              "samples": [
                "is {rut}",
                "his id is {rut}"
              ]
            },
            {
              "name": "phonenumber",
              "type": "AMAZON.PhoneNumber",
              "samples": [
                "his phone is {phonenumber}",
                "his number is {phonenumber}",
                "is {phonenumber}",
                "his phone number is {phonenumber}"
              ]
            },
            {
              "name": "email",
              "type": "AMAZON.SearchQuery",
              "samples": [
                "his mail is {email}",
                "is {email}",
                "his email is {email}"
              ]
            },
            {
              "name": "licenseplate",
              "type": "AMAZON.SearchQuery",
              "samples": [
                "does not apply",
                "does not have",
                "is {licenseplate}",
                "his license plate is {licenseplate}",
                "the license plate of the guest\u0027s car is {licenseplate}"
              ]
            },
            {
              "name": "date",
              "type": "AMAZON.DATE",
              "samples": [
                "in the {date}",
                "on {date}",
                "for {date}"
              ]
            },
            {
              "name": "time",
              "type": "AMAZON.TIME",
              "samples": [
                "at {time}",
                "at the {time}"
              ]
            },
            {
              "name": "comment",
              "type": "AMAZON.SearchQuery",
              "samples": [
                "{comment}"
              ]
            }
          ],
          "samples": [
            "invitation",
            "make a invitation",
            "make invitation"
          ]
        }
      ],
      "types": [
        {
          "values": [
            {
              "name": {
                "value": "Parking"
              }
            },
            {
              "name": {
                "value": "Swimming pool",
                "synonyms": [
                  "Pool"
                ]
              }
            },
            {
              "name": {
                "value": "Tennis court"
              }
            },
            {
              "name": {
                "value": "Gym"
              }
            }
          ],
          "name": "places"
        }
      ]
    },
    "dialog": {
      "intents": [
        {
          "name": "MakeReservationIntent",
          "confirmationRequired": false,
          "prompts": {},
          "slots": [
            {
              "name": "place",
              "type": "places",
              "elicitationRequired": true,
              "confirmationRequired": false,
              "prompts": {
                "elicitation": "Elicit.Slot.1636170070991.85502998124"
              }
            },
            {
              "name": "date",
              "type": "AMAZON.DATE",
              "elicitationRequired": true,
              "confirmationRequired": false,
              "prompts": {
                "elicitation": "Elicit.Slot.253886920668.963225921726"
              }
            },
            {
              "name": "time",
              "type": "AMAZON.TIME",
              "elicitationRequired": true,
              "confirmationRequired": false,
              "prompts": {
                "elicitation": "Elicit.Slot.253886920668.1377851824045"
              }
            }
          ]
        },
        {
          "name": "MakeInvitationIntent",
          "confirmationRequired": false,
          "prompts": {},
          "slots": [
            {
              "name": "guestname",
              "type": "AMAZON.Person",
              "elicitationRequired": true,
              "confirmationRequired": false,
              "prompts": {
                "elicitation": "Elicit.Slot.242599743767.1392398795273"
              }
            },
            {
              "name": "rut",
              "type": "AMAZON.SearchQuery",
              "elicitationRequired": true,
              "confirmationRequired": false,
              "prompts": {
                "elicitation": "Elicit.Slot.242599743767.1238041882933"
              }
            },
            {
              "name": "phonenumber",
              "type": "AMAZON.PhoneNumber",
              "elicitationRequired": true,
              "confirmationRequired": false,
              "prompts": {
                "elicitation": "Elicit.Slot.242599743767.326295519900"
              }
            },
            {
              "name": "email",
              "type": "AMAZON.SearchQuery",
              "elicitationRequired": true,
              "confirmationRequired": false,
              "prompts": {
                "elicitation": "Elicit.Slot.242599743767.1279483808109"
              }
            },
            {
              "name": "licenseplate",
              "type": "AMAZON.SearchQuery",
              "elicitationRequired": true,
              "confirmationRequired": false,
              "prompts": {
                "elicitation": "Elicit.Slot.242599743767.918409060812"
              }
            },
            {
              "name": "date",
              "type": "AMAZON.DATE",
              "elicitationRequired": true,
              "confirmationRequired": false,
              "prompts": {
                "elicitation": "Elicit.Slot.242599743767.545376906477"
              }
            },
            {
              "name": "time",
              "type": "AMAZON.TIME",
              "elicitationRequired": true,
              "confirmationRequired": false,
              "prompts": {
                "elicitation": "Elicit.Slot.242599743767.1632126631688"
              }
            },
            {
              "name": "comment",
              "type": "AMAZON.SearchQuery",
              "elicitationRequired": true,
              "confirmationRequired": false,
              "prompts": {
                "elicitation": "Elicit.Slot.242599743767.446182263580"
              }
            }
          ]
        }
      ],
      "delegationStrategy": "ALWAYS"
    },
    "prompts": [
      {
        "id": "Elicit.Slot.1636170070991.85502998124",
        "variations": [
          {
            "type": "PlainText",
            "value": "Which space do you want to reserve?"
          }
        ]
      },
      {
        "id": "Elicit.Slot.253886920668.963225921726",
        "variations": [
          {
            "type": "PlainText",
            "value": "What day do you want to make the reservation?"
          }
        ]
      },
      {
        "id": "Elicit.Slot.253886920668.1377851824045",
        "variations": [
          {
            "type": "PlainText",
            "value": "What time do you want to make the reservation?"
          }
        ]
      },
      {
        "id": "Elicit.Slot.242599743767.1392398795273",
        "variations": [
          {
            "type": "PlainText",
            "value": "What is the name of the guest?"
          }
        ]
      },
      {
        "id": "Elicit.Slot.242599743767.1238041882933",
        "variations": [
          {
            "type": "PlainText",
            "value": "What is the guest\u0027s id?"
          }
        ]
      },
      {
        "id": "Elicit.Slot.242599743767.326295519900",
        "variations": [
          {
            "type": "PlainText",
            "value": "What is the guest\u0027s phone number?"
          }
        ]
      },
      {
        "id": "Elicit.Slot.242599743767.1279483808109",
        "variations": [
          {
            "type": "PlainText",
            "value": "What is the guest\u0027s email?"
          }
        ]
      },
      {
        "id": "Elicit.Slot.242599743767.918409060812",
        "variations": [
          {
            "type": "PlainText",
            "value": "What is the license plate of the guest\u0027s car?"
          }
        ]
      },
      {
        "id": "Elicit.Slot.242599743767.545376906477",
        "variations": [
          {
            "type": "PlainText",
            "value": "What day do you want to make the reservation?"
          }
        ]
      },
      {
        "id": "Elicit.Slot.242599743767.1632126631688",
        "variations": [
          {
            "type": "PlainText",
            "value": "What time do you want to make the reservation?"
          }
        ]
      },
      {
        "id": "Elicit.Slot.242599743767.446182263580",
        "variations": [
          {
            "type": "PlainText",
            "value": "Do you have any comments about the invitation?"
          }
        ]
      }
    ]
  },
  "version": "25"
}